track_id,track_name,artist_name,album_name,release_date,popularity,duration_ms,explicit,artist_genres,release_year
4vVTI94F9uJ8lHNDWKv0i2,Eenie Meenie,"Sean Kingston, Justin Bieber",Eenie Meenie,2010-03-23,79,201946,False,,2010
1hGy2eLcmC8eKx7qr1tOqx,Beautiful Girls,Sean Kingston,Beautiful Girls,2007-07-23,79,225373,False,,2007
6k1xBDOTZfFw7E9Pmlq8rB,Fire Burning,Sean Kingston,Tomorrow,2009-09-07,50,239986,False,,2009
3bwCMbwDZVtvJDnUTQIdCX,Beat It (feat. Chris Brown & Wiz Khalifa),"Sean Kingston, Chris Brown, Wiz Khalifa",Back 2 Life,2013-09-10,70,253453,True,"r&b, rap",2013
6AdLyvisRKHLAwARaZMGr6,Take You There,Sean Kingston,Sean Kingston,2008-03-11,70,236693,False,,2008
67D9O4Oau629qirRXtTWCS,Beautiful Girls,Sean Kingston,Sean Kingston,2008-03-11,64,241933,False,,2008
44M8gY48QHhvc6vn5be10N,Me Love,Sean Kingston,Sean Kingston,2008-03-11,59,204293,False,,2008
0wDbYIl4fN2mccHczCJqEf,Letting Go (Dutty Love) featuring Nicki Minaj (feat. Nicki Minaj),"Sean Kingston, Nicki Minaj",Letting Go (Dutty Love) featuring Nicki Minaj (feat. Nicki Minaj),2010-07-23,60,230600,False,,2010
5Vwqy3CS2aCB6jcgm1qWfk,Amore e Capoeira,"Takagi & Ketra, Giusy Ferreri, Sean Kingston",Amore e Capoeira,2018-06-01,60,172454,False,italo dance,2018
7BGkpHiIqGGA8B9rRPf5VL,Dumb Love,Sean Kingston,Dumb Love EP,2010-09-07,50,186773,False,,2010
2xvCCO3tIFwVOPeWBwQeyM,Good Go Bad,"Sean Kingston, Yung Q",Good Go Bad,2025-07-20,39,138000,False,,2025
22AbXxQbMdVqEz7xJjhccG,Welcome To Jamrock,Damian Marley,Welcome to Jamrock,2005-01-01,74,213200,False,"dancehall, ragga, reggae, roots reggae",2005
0mlf3yOGzVnIVxjybDQL3h,Make It Bun Dem,"Skrillex, Damian Marley",Make It Bun Dem After Hours EP,2012-08-28,63,213696,False,"dancehall, dubstep, edm, electro, electronic, ragga, reggae, roots reggae",2012
2WQKHNETUytUGsD32TTNeO,Medication,"Damian Marley, Stephen Marley",Stony Hill,2017-07-21,69,222466,True,"dancehall, ragga, reggae, roots reggae",2017
6Ja1mjO9WcJFX3LsH22gRk,Road To Zion,"Damian Marley, Nas",Welcome to Jamrock,2005-01-01,65,317333,False,"dancehall, east coast hip hop, hip hop, old school hip hop, ragga, reggae, roots reggae",2005
0Xd3LUIjRESt5rSAGzvAvA,Living It Up,Damian Marley,Stony Hill,2017-07-21,63,240293,False,"dancehall, ragga, reggae, roots reggae",2017
0gVCFdvavY7YRsIpssaxaz,My Sweet Lord,Damian Marley,My Sweet Lord,2023-07-28,63,304391,False,"dancehall, ragga, reggae, roots reggae",2023
3RAjbhz2rNIAyujNyumABN,Me Name Jr. Gong,Damian Marley,Mr. Marley,1996,59,230693,False,"dancehall, ragga, reggae, roots reggae",1996
4joyVm2umM902xqTpRnUhb,More Justice,Damian Marley,Halfway Tree,2001-01-01,57,214893,False,"dancehall, ragga, reggae, roots reggae",2001
2iQzGiBMP2V6F3his5xnxH,There For You,Damian Marley,Welcome to Jamrock,2005-01-01,55,281346,False,"dancehall, ragga, reggae, roots reggae",2005
2w6xoVr8vUn3j5cI9NusBM,"Medication (ft. Stephen Marley, Wiz Khalifa, Ty Dolla $ign) - Remix","Damian Marley, Stephen Marley, Wiz Khalifa, Ty Dolla $ign",Medication (Remix),2018-04-20,55,245146,False,"dancehall, ragga, rap, reggae, roots reggae, trap soul",2018
3VkEFUk6RMAd8bvTcwPrbK,She’s Royal,Tarrus Riley,Reggae Skankin',2025-09-10,0,250190,False,"dancehall, lovers rock, ragga, reggae, riddim, roots reggae, soca",2025
0fU5VgVydV8RcqDDVe65h7,Blessings (feat. Etana),"Alborosie, Etana",Reggae Skankin',2025-09-10,0,216226,False,"dub, lovers rock, ragga, reggae, riddim, roots reggae",2025
4BOGpqyvilYbYREJ8EF2tx,It's A Pity - Acoustic,Tanya Stephens,Reggae Skankin',2025-09-10,0,254893,False,"dancehall, lovers rock, ragga, reggae, roots reggae",2025
0JRznQMnJfqHHSmnSKWYBf,Johnny B Goode,Peter Tosh,Reggae Skankin',2025-09-10,0,244253,False,"dub, ragga, reggae, rocksteady, roots reggae",2025
4n81YtHoLkKb6PgiIluMzI,Caribbean Blue - Single Edit,Big Mountain,Reggae Skankin',2025-09-10,0,245066,False,reggae,2025
56EyzezsggdKP6PDtl7B0F,All of Me,Jah Cure,Reggae Skankin',2025-09-10,0,279533,False,"dancehall, lovers rock, ragga, reggae, riddim, roots reggae",2025
5DQS3cB8jpK2bYCaw1t6V1,Hold My Hand (I'll Be There) [feat. Keri Hilson],"Sean Paul, Keri Hilson",Reggae Skankin',2025-09-10,0,204560,False,dancehall,2025
5EX0WS6epFMNYGppsOagEi,"You Don’t Love Me (No, No, No) - Extended Mix",Dawn Penn,Reggae Skankin',2025-09-10,0,277893,False,"lovers rock, reggae, rocksteady, roots reggae",2025
2teFht1fXG117P1XYfVkKA,Mysterious Girl - Radio Edit,Peter Andre,Reggae Skankin',2025-09-10,0,218733,False,,2025
6sdEUwt5gzY0ypQz43MIzu,No Letting Go,Wayne Wonder,Reggae Skankin',2025-09-10,0,202013,False,"dancehall, lovers rock, ragga, reggae, soca",2025
2RjPlQ32zQvvvi0BWvERHi,Liquor Store Blues (feat. Damian Marley),"Bruno Mars, Damian Marley",Reggae Skankin',2025-09-10,0,229373,False,"dancehall, ragga, reggae, roots reggae",2025
4EoYQRDwrNQ30p09DwwPn8,Zungguzungguguzungguzeng - 2024 Remaster,Yellowman,Reggae Skankin',2025-09-10,0,261074,False,"dancehall, dub, ragga, reggae, rocksteady, roots reggae",2025
4fGUpn6FYVmY2KmlufENhF,Holiday,Maxi Priest,Reggae Skankin',2025-09-10,0,232200,False,"lovers rock, reggae",2025
5sMALtNTjPEY55lJEVUXOt,Firehouse Rock,Wailing Souls,Reggae Skankin',2025-09-10,0,251790,False,"dub, reggae, rocksteady, roots reggae",2025
0OYUFdcq4cu94ytLgsUgHO,Informer,Snow,Reggae Skankin',2025-09-10,0,256906,False,,2025
3HYacyfxBb1wWBHnMSqKtB,Not King James Version,Steel Pulse,Reggae Skankin',2025-09-10,0,254106,False,"dub, ragga, reggae, rocksteady, roots reggae",2025
3QFFYQlqV7b2cD6DxXBNZs,Pass the Kutchie,Mighty Diamonds,Reggae Skankin',2025-09-10,0,215666,False,"lovers rock, reggae, rocksteady, roots reggae",2025
0e5LIEmn8haSFfgvUyU0Xe,I’m Yours - Bass over Babylon Mix,Jason Mraz,Reggae Skankin',2025-09-10,0,252653,False,"acoustic pop, soft pop",2025
7rWChAt2lO1xc3ctLobWAi,August Town,Duane Stephenson,Reggae Skankin',2025-09-10,0,323093,False,"lovers rock, ragga, reggae, riddim, roots reggae",2025
4Hf4vqkevqLNWkzj70EoVT,Just One of Those Days,Sizzla,Reggae Skankin',2025-09-10,0,208600,False,"dancehall, lovers rock, ragga, reggae, riddim, roots reggae",2025
6wtyeAMXX3Gn3PwPwtzKsu,Can't Satisfy Her,I Wayne,Reggae Skankin',2025-09-10,0,221866,False,"dancehall, lovers rock, ragga, reggae, roots reggae",2025
7s8cFHQskeiAf7rkRECUKw,No Money,Romain Virgo,Reggae Skankin',2025-09-10,0,210920,False,"dancehall, lovers rock, ragga, reggae, riddim, roots reggae",2025
2loPtNWOz1ZcDJJqkyvXNb,Youth Dem Cold,Richie Spice,Reggae Skankin',2025-09-10,0,225506,False,"dancehall, lovers rock, ragga, reggae, riddim, roots reggae",2025
7CG5sDZvJjotbAh1SXyy4O,"Police in Helicopter - 12"" mix",John Holt,Reggae Skankin',2025-09-10,0,469920,False,"dub, lovers rock, ragga, reggae, rocksteady, roots reggae, ska",2025
1JGTbHJH35J11tQyPQKHMK,That Day Will Come,Capleton,Reggae Skankin',2025-09-10,0,246453,False,"dancehall, lovers rock, ragga, reggae, riddim, roots reggae",2025
4ZKzlhR5qZ5oZiEEHfYmSg,Cupid,Rod Stewart,Reggae Skankin',2025-09-10,0,189960,False,soft rock,2025
1Ee0izvycQ8mOqSf4lBeRW,High Grade Morning (feat. Protoje),"Dennis Brown, Protoje",Reggae Skankin',2025-09-10,0,217760,False,"dancehall, dub, lovers rock, ragga, reggae, rocksteady, roots reggae",2025
2Vqi2jGNKMddRlsREtZ8ez,Milk and Honey,Raging Fyah,Reggae Skankin',2025-09-10,0,264613,False,"ragga, reggae, roots reggae",2025
7zDuNUJ9D3S59Gj7HMw4Sn,Tempted to Touch,Rupee,Reggae Skankin',2025-09-10,0,243133,False,"calypso, dancehall, soca",2025
1yCfkG3izTEeT9Jum8jLdq,Action (feat. Nadine Sutherland),"Terror Fabulous, Nadine Sutherland",Reggae Skankin',2025-09-10,0,229973,False,"dancehall, lovers rock, ragga, reggae, soca",2025
5kjNpjdX9zZdSZAJxKi8ca,Rasta Should Be Deeper,Junior Kelly,Reggae Skankin',2025-09-10,0,209813,False,"dancehall, lovers rock, ragga, reggae, roots reggae",2025
52gJbCS5mneA2HU8lE28Vi,Stop That Train,The Meters,Reggae Skankin',2025-09-10,0,290400,False,"funk, jazz funk, soul",2025
6pvO2bTEOU4MaRnzJobxHY,Nature,Leigh-Anne,Reggae Skankin',2025-09-10,0,166664,False,,2025
1uv3fOPwc5XmtTHOUhtLMr,Jamaican in New York,Shinehead,Reggae Skankin',2025-09-10,0,268973,False,"lovers rock, new jack swing, ragga, reggae",2025
06mlHxr5KwLKrgfyBXNaw4,Note To Self (Okay) [feat. Chronixx],"Jah9, Chronixx",Reggae Skankin',2025-09-10,0,244412,False,"dancehall, dub, lovers rock, ragga, reggae, roots reggae",2025
6eCsTTCGPz5nobv9NKcRuO,Down by the River,Morgan Heritage,Reggae Skankin',2025-09-10,0,226244,False,"dancehall, lovers rock, ragga, reggae, riddim, roots reggae",2025
7fKMuxbkHeiHofOF9F3beq,Bush Doctor,Peter Tosh,Reggae Skankin',2025-09-10,0,247973,False,"dub, ragga, reggae, rocksteady, roots reggae",2025
0vSkyVeRxXmH3oDsQUDJ96,Let Me Live (feat. Anne-Marie & Mr Eazi),"Rudimental, Major Lazer, Anne-Marie, Mr Eazi",Reggae Skankin',2025-09-10,0,205760,False,"afrobeat, afrobeats, afropop, afroswing, azonto, dancehall, hiplife, moombahton",2025
0rb10rjTg9PxbIPpp8Lgrw,Don't Let Me Down,Marcia Griffiths,Reggae Skankin',2025-09-10,0,202680,False,"lovers rock, reggae, rocksteady, roots reggae",2025
6Z21LSVXgqmNXUHtDRa6M8,Hold You - Hold Yuh,Gyptian,Reggae Skankin',2025-09-10,0,233253,False,"dancehall, lovers rock, ragga, reggae, soca",2025
1f7Mo3ruEH0ThEv2h4R2pE,Love Like Ours (feat. Tarrus Riley),"Estelle, Tarrus Riley",Reggae Skankin',2025-09-10,0,233134,False,"dancehall, lovers rock, ragga, reggae, riddim, roots reggae, soca",2025
7hyQ0HEUKqF4pjVKdyHqMl,It Don't Make Any Difference To Me (feat. Wyclef Jean) - Supa Dupes Remix,"Kevin Michael, Wyclef Jean",Reggae Skankin',2025-09-10,0,252847,False,,2025
6N44d6zLRoFvfnyuR0XDM9,The Same Song - Edit,Israel Vibration,Reggae Skankin',2025-09-10,0,239613,False,"dub, ragga, reggae, rocksteady, roots reggae",2025
5QYqVH3xcVCaDDKDzLg6o8,"Baby, I Love Your Way - Radio Mix",Big Mountain,Reggae Skankin',2025-09-10,0,269533,False,reggae,2025
3OOoMWFbx0PhrD4Ea48CGk,Two Sevens Clash,Culture,Reggae Skankin',2025-09-10,0,209240,False,"dub, ragga, reggae, rocksteady, roots reggae",2025
0mqpeoDu5n15kZ17ttesoK,Big Ship,Freddie McGregor,Reggae Skankin',2025-09-10,0,197733,False,"lovers rock, ragga, reggae, rocksteady, roots reggae",2025
3hYFrTiCmsUNtlODkQrcXE,Smile,Lily Allen,Reggae Skankin',2025-09-10,0,196893,True,,2025
1wJveHkULq8ThXB62Y1bXV,Ice Cream Love,Johnny Osbourne,Reggae Skankin',2025-09-10,0,197853,False,"dub, lovers rock, ragga, reggae, rocksteady, roots reggae",2025
2J2noRGyB4ct7V9xTHfj0d,Stay So,Busy Signal,Reggae Skankin',2025-09-10,0,220464,False,"dancehall, lovers rock, ragga, reggae, riddim, roots reggae, soca",2025
29fsH04kMGuMgSdrpaHtMv,My Princess Gone,Jah Mason,Reggae Skankin',2025-09-10,0,245093,False,"dancehall, dub, lovers rock, ragga, reggae, roots reggae",2025
73EIzofPJPQqAXdTkXpcjv,Young Heart Run Free,Pam Hall,Reggae Skankin',2025-09-10,0,233760,False,"lovers rock, reggae",2025
13AhsKVGLdoajsdGXa3Muz,I’m Still in Love with You - (feat. Sasha),"Sean Paul, Sasha",Reggae Skankin',2025-09-10,0,274666,False,"dancehall, german pop, medieval, medieval metal",2025
3gvCtd9ts7v6zLVD1mOVnc,Easy Take It Easy,Mykal Rose,Reggae Skankin',2025-09-10,0,265133,False,"dub, ragga, reggae, roots reggae",2025
6OwYTQULXFxqxX9lKwUAJh,Man Is the Least,Lady Saw,Reggae Skankin',2025-09-10,0,230573,False,"dancehall, ragga, reggae, riddim, soca",2025
4XifyicuSNctaHMxX4lbwE,Turn Me On,Kevin Lyttle,Reggae Skankin',2025-09-10,0,190080,True,"dancehall, soca",2025
17IiflFVW05miyuFY3oR25,Strolling,"Alborosie, Protoje",Reggae Skankin',2025-09-10,0,226106,False,"dancehall, dub, ragga, reggae, roots reggae",2025
1kDnyZOEWs7zcaC5GpV5lc,Summer Breezin’ (feat. Bounty Killer),"Diana King, Bounty Killer",Reggae Skankin',2025-09-10,0,228826,False,"dancehall, lovers rock, ragga, reggae, riddim, shatta",2025
5BB0dyTvK5IrConyGryXcB,Have It All - Easy Star All-Stars & Michael Goldwasser Reggae Mix,"Jason Mraz, Easy Star All-Stars, Michael Goldwasser",Reggae Skankin',2025-09-10,0,259638,False,"acoustic pop, dub, reggae, rocksteady, roots reggae, soft pop",2025
0uhqavOvaWbRwMO7TatGXM,Have You Ever,Marsha Ambrosius,Reggae Skankin',2025-09-10,0,258079,False,"neo soul, r&b",2025
11Icvl8Srfqhok7yoBXj7j,Sweet Love,Burna Boy,Reggae Skankin',2025-09-10,0,212716,False,"afrobeat, afrobeats, afropiano, afropop, afroswing, dancehall",2025
1vwRMWZbqTdkDb2aOsryv8,Money in My Pocket,Jah Vinci,Reggae Skankin',2025-09-10,0,212800,False,"dancehall, lovers rock, ragga, reggae, riddim, roots reggae",2025
45wgMjzvmeqeejoDgEEDQV,Waiting in Vain,"Cocoa Tea, Cutty Ranks",Reggae Skankin',2025-09-10,0,215240,False,"dancehall, jungle, lovers rock, ragga, reggae, roots reggae, uk garage",2025
3aBHojkK4trKHAaJWP2VNW,Limb By Limb,Cutty Ranks,Reggae Skankin',2025-09-10,0,234226,False,"dancehall, jungle, lovers rock, ragga, reggae, uk garage",2025
50dLFbqe3vj92Gnbfm1la2,Really Together (feat. Lukie D),"Alaine, Lukie D",Reggae Skankin',2025-09-10,0,266281,False,"dancehall, lovers rock, ragga, reggae, riddim, roots reggae",2025
2guqWrojA7PdwSQ9UJjoXU,Longing For,Jah Cure,Reggae Skankin',2025-09-10,0,232000,False,"dancehall, lovers rock, ragga, reggae, riddim, roots reggae",2025
6pJJgEpiemFGIEZxbXcgSW,Another Try (feat. Sean Paul),"Gregory Isaacs, Sean Paul",Reggae Skankin',2025-09-10,0,215986,False,"dancehall, dub, lovers rock, ragga, reggae, rocksteady, roots reggae",2025
2cwwOWSNy1oBDZXqAiMI07,Keep On Knocking,Jacob Miller,Reggae Skankin',2025-09-10,0,181693,False,"dub, lovers rock, ragga, reggae, rocksteady, roots reggae",2025
1BiptzpzeTrTSq4nGcBCxo,Show Me,Bruno Mars,Reggae Skankin',2025-09-10,0,207560,False,,2025
7JvAinHcaCgbs3mqqnGPGd,Baby Don't Do It,Christopher Martin,Reggae Skankin',2025-09-10,0,253880,False,"dancehall, lovers rock, ragga, reggae, riddim, roots reggae, soca",2025
5PHUB35NqgNS3vjTjvDuWD,"Pon de River, Pon de Bank",Elephant Man,Reggae Skankin',2025-09-10,0,239517,False,"dancehall, ragga, reggae, riddim, soca",2025
6QEztycXYVKmLQX6auUSxG,Gal Wine,Chaka Demus,Reggae Skankin',2025-09-10,0,230506,False,"dancehall, lovers rock, ragga, reggae",2025
1cLZgHe2tcqYrWqPKJRAZe,Love Has Found It's Way (feat. Ikaya),"Jamelody, Ikaya",Reggae Skankin',2025-09-10,0,257000,False,"dancehall, lovers rock, reggae, riddim",2025
4fDduqwADwGipHMUfAvJeX,Mr. Landlord,Half Pint,Reggae Skankin',2025-09-10,0,188000,False,,2025
3xKt6wX1mC4h9R1tuMHCaE,I Need Your Love (Rasta Children),"Iba Mahr, Jesse Royal, Chronixx, Keznamdi, Exco Levi, Rockaz Elements, Kelissa, jahmiel, Kabaka Pyramid",Reggae Skankin',2025-09-10,0,359626,False,"dancehall, lovers rock, ragga, reggae, riddim, roots reggae",2025
3h3huxGWDFYPJwVQPCfH3j,Ready to Play (feat. Tarrus Riley),"Jah9, Tarrus Riley",Reggae Skankin',2025-09-10,0,340972,False,"dancehall, dub, lovers rock, ragga, reggae, riddim, roots reggae, soca",2025
3ZxHFqrHttLyG1sK7rNeyK,Ahnma (feat. Gzuz & Gentleman),"Beginner, Gentleman, Gzuz",The Selection (Pt. 1 + Pt. 2),2017-06-16,32,253600,False,"dancehall, german hip hop, ragga, reggae, roots reggae",2017
2oxr0lTeHLnsjJIE8uClod,Devam (feat. Luciano & Ezhel),"Gentleman, Luciano, Ezhel",Blaue Stunde (Deluxe Edition),2021-05-14,47,166412,False,"dancehall, german hip hop, ragga, reggae, roots reggae, turkish hip hop, turkish pop",2021
2DHqhW4O4szTRknA5wM0eh,Schöner Tag (feat. Sido & Jugglerz),"Gentleman, Sido, Jugglerz",Blaue Stunde (Deluxe Edition),2021-05-14,48,179520,False,"dancehall, german hip hop, german pop, ragga, reggae, roots reggae",2021
2xc8WSkjAp4xRGV6I1Aktb,Superior,Gentleman,Confidence,2004-02-22,50,229706,False,"dancehall, german hip hop, ragga, reggae, roots reggae",2004
6AR8qdRwP4hK3NLnRTYEou,To The Top,"Gentleman, Christopher Martin",Diversity (Deluxe Bonus Version),2010-01-01,49,188426,False,"dancehall, german hip hop, lovers rock, ragga, reggae, riddim, roots reggae, soca",2010
39knzsFcBOEpv7dSGrIilV,Intoxication,Gentleman,Confidence,2004-02-22,46,208906,False,"dancehall, german hip hop, ragga, reggae, roots reggae",2004
3MdGLgsPkpZIYddDfI2tyN,Dem Gone,Gentleman,Journey To Jah,2002-10-14,44,239026,False,"dancehall, german hip hop, ragga, reggae, roots reggae",2002
05aYPqscr6UPjgU3ha3vzD,Ovaload,"Gentleman, Sean Paul",The Selection,2017-06-16,41,233760,False,"dancehall, german hip hop, ragga, reggae, roots reggae",2017
4HXaq2DMrJ6wtzoG9qLdI0,Red Town,Gentleman,Conversations,2016-06-24,41,222573,False,"dancehall, german hip hop, ragga, reggae, roots reggae",2016
2Q2Md34uxHcRvSNzbCAgLH,Never Let You Down (Remix),"Aloe Blacc, Gentleman",Never Let You Down (Remix),2023-08-04,42,188937,False,"dancehall, german hip hop, ragga, reggae, roots reggae",2023
69MYrcwmgvhN3mhcBdx343,Nature (I am here now),"Claye, Gentleman",Nature (I am here now),2025-08-01,38,161932,False,"dancehall, german hip hop, ragga, reggae, roots reggae",2025
1CbxG199T0fzfUV5EO7aPV,Eternal Light,"Free Nationals, Chronixx",Free Nationals,2019-12-13,67,193740,False,"dancehall, lovers rock, ragga, reggae, roots reggae",2019
3rnJ7aQ54duyZ9IamRQwbl,Who Knows,"Protoje, Chronixx",Ancient Future,2015-09-18,65,208466,False,"dancehall, lovers rock, ragga, reggae, roots reggae",2015
5Wwr2S7QZTR5PVJn6jhgdk,Here Comes Trouble,Chronixx,Dread & Terrible,2014-04-01,61,234586,False,"dancehall, lovers rock, ragga, reggae, roots reggae",2014
5SQaQWvBDEAeug4EPyYEGE,Skankin' Sweet,Chronixx,Chronology,2017-07-07,59,252125,False,"dancehall, lovers rock, ragga, reggae, roots reggae",2017
6eHqU8ntHGzddACoxlfDX0,Jam (feat. Wizkid),"StarBoy, Chronixx, Wizkid",SoundMan Vol. 1,2019-12-06,56,198678,False,"afro r&b, afrobeat, afrobeats, afropiano, afropop, afroswing, alté, azonto, dancehall, lovers rock, ragga, reggae, roots reggae",2019
7KhQx2EJaZIPGsbMAjf4jg,Smile Jamaica,Chronixx,Chronology,2017-07-07,53,213149,False,"dancehall, lovers rock, ragga, reggae, roots reggae",2017
0JPHV6kJG2QB7XUXH9eqCk,Bye Bye Bye (feat. Chronixx) - S.P.Y Remix,"SHY FX, Chronixx, S.P.Y",Raggamuffin Reloaded,2020-06-26,52,257576,False,"bassline, dancehall, drum and bass, jungle, liquid funk, lovers rock, ragga, reggae, roots reggae",2020
4kXl1hdBPpVcvOHz1SX8fu,No Guarantee,"Protoje, Chronixx",A Matter of Time,2018-06-29,52,220454,False,"dancehall, lovers rock, ragga, reggae, roots reggae",2018
4Qup2zholspnhLpgkO77C2,Spanish Town Rockin',Chronixx,Chronology,2017-07-07,50,204000,False,"dancehall, lovers rock, ragga, reggae, roots reggae",2017
7yEuDcNgsZYmiNiKmUcHCG,Roots & Chalice,Chronixx,Roots & Chalice,2016-09-30,50,252014,False,"dancehall, lovers rock, ragga, reggae, roots reggae",2016
0cSkIGgh1uICEIcmEb1niw,Rasta Love Feat. Ky-Mani Marley,"Protoje, Ky-Mani Marley",The Seven Year Itch,2010-01-25,59,185312,False,"dancehall, ragga, reggae, roots reggae",2010
4DspPUPn1uLYAEJSBfvPar,BIG 45,Protoje,BIG 45,2025-03-07,52,224763,False,"dancehall, ragga, reggae, roots reggae",2025
1qvfAYJH6rDzVWri6nPRow,Protection (with Mortimer),"Protoje, Mortimer",Ancient Future,2015-09-18,51,273560,False,"dancehall, lovers rock, ragga, reggae, roots reggae",2015
4ZpLG65PjzdWDqY95wLN2G,All Over the World (with Protoje),"Lila Iké, Protoje",Treasure Self Love,2025-08-22,42,171685,False,"dancehall, lovers rock, ragga, reggae, roots reggae",2025
5RPuPEZ0HiXPTnzwqfJMa8,Switch It Up (feat. Koffee),"Protoje, Original Koffee",In Search Of Lost Time,2020-08-28,50,234920,False,"afrobeat, afrobeats, dancehall, ragga, reggae, roots reggae",2020
4zegbzhJVyZ8RBM86t6ZqI,Feel It,Protoje,Feel It,2025-06-20,50,212553,False,"dancehall, ragga, reggae, roots reggae",2025
5Zzh3jIDIvCb6bllZjfuL4,Ten Cane Row (feat. Jorja Smith),"Protoje, Jorja Smith",Third Time's The Charm,2022-09-23,43,209586,False,"dancehall, ragga, reggae, roots reggae",2022
2bEmQ73cdszJuGeivz6KGl,Who Knows - SHY FX Remix,"Protoje, Chronixx, SHY FX",Who Knows (SHY FX Remix),2016-05-13,49,252247,False,"bassline, dancehall, drum and bass, jungle, lovers rock, ragga, reggae, roots reggae",2016
2M9ro2krNb7nr7HSprkEgo,Fast Car,Tracy Chapman,Tracy Chapman,1988-04-05,80,296800,False,,1988
2DjWsDGgL1xNbhnr7f6t5F,Baby Can I Hold You,Tracy Chapman,Tracy Chapman,1988-04-05,75,193120,False,,1988
4vDBJeeQCbhP9FaPPMsYkY,Give Me One Reason,Tracy Chapman,New Beginning,1995-10-31,72,268333,False,,1995
0YMFcrMtBowDdD5bPz0cgy,Talkin' Bout a Revolution,Tracy Chapman,Tracy Chapman,1988-04-05,70,161600,False,,1988
2gs8HVC6KXOQe76XggzZH5,Stand by Me - Live at the Late Show with David Letterman,Tracy Chapman,Greatest Hits,2015-11-20,63,169013,False,,2015
2HO2bnoMrpnZUbUqiilLHi,The Promise,Tracy Chapman,New Beginning,1995-10-31,60,327866,False,,1995
4rxamav7i2lJexbuAxcvfe,Crossroads,Tracy Chapman,Crossroads,1989,58,251493,False,,1989
3XkXJNMHJB0UiKiVz83yD7,Across the Lines,Tracy Chapman,Tracy Chapman,1988-04-05,58,204666,False,,1988
27gojdSDBhEb86r7svM6oG,Telling Stories,Tracy Chapman,Telling Stories,2000-01-18,56,237573,False,,2000
17W8bZBSty1TJ4CRG4GGJK,For My Lover,Tracy Chapman,Tracy Chapman,1988-04-05,57,192440,False,,1988
0tVkeRAIXPNhhtQpKXOgRM,Don't Stop Me Now - Remastered 2011,Queen,Poker Night,2025-07-11,1,209413,False,"classic rock, glam rock, rock",2025
2bDeL7grrQ4PyuRUXFqv8c,The Joker,Steve Miller Band,Poker Night,2025-07-11,1,264503,False,classic rock,2025
1NHprV7Sp7uBaW4LUmdDrW,Sweet Home Alabama,Lynyrd Skynyrd,Poker Night,2025-07-11,2,285373,False,"classic rock, rock, southern rock",2025
3l7TeUJmaQzTVmiTt1EREh,The Gambler,Kenny Rogers,Poker Night,2025-07-11,1,210173,False,"classic country, country",2025
3OIyQPVevEM5y9W1VEbpx3,Have You Ever Seen The Rain,Creedence Clearwater Revival,Poker Night,2025-07-11,1,160133,False,"classic rock, country rock, southern rock",2025
3wMgh1EPyzYlnltlNiN5jH,"Paint It, Black",The Rolling Stones,Poker Night,2025-07-11,1,224133,False,"classic rock, rock",2025
7mxF2wJsaCDYspD3EB9NVo,Ain't No Mountain High Enough - Mono Version,"Marvin Gaye, Tammi Terrell",Poker Night,2025-07-11,1,153133,False,"classic soul, motown, northern soul, quiet storm, soul",2025
3sgUF9rgfktdHueQGHnw6o,Roxanne - Remastered 2003,The Police,Poker Night,2025-07-11,1,191506,False,,2025
1ZB6hW3YvL8uubhkrr0Sv8,Fortunate Son,Creedence Clearwater Revival,Poker Night,2025-07-11,1,140773,False,"classic rock, country rock, southern rock",2025
0zFqJMWfx9qVxtOhKOwOzZ,Wild World - Remastered 2020,Yusuf / Cat Stevens,Poker Night,2025-07-11,1,200560,False,"folk, folk rock, singer-songwriter",2025
3GUcNA3hgVS5M0eov3xO0y,California Dreamin' - Single Version,The Mamas & The Papas,Poker Night,2025-07-11,1,159200,False,folk rock,2025
40ONhrsnLK2K7h0YtavcqR,Simple Man,Lynyrd Skynyrd,Poker Night,2025-07-11,1,359186,False,"classic rock, rock, southern rock",2025
7gib03qllJPCaZGLnPeaZr,Start Me Up - Remastered 2009,The Rolling Stones,Poker Night,2025-07-11,1,213066,False,"classic rock, rock",2025
0JtUv72EEP3GPsdXJGatEl,Under Pressure - Remastered 2011,"Queen, David Bowie",Poker Night,2025-07-11,1,248440,False,"art rock, classic rock, glam rock, rock",2025
7DUlH3qlZwMkQheJeqMdKv,Don't You (Forget About Me),Simple Minds,Poker Night,2025-07-11,1,260733,False,new wave,2025
5EjEZqnk1XClLuXTO3p0wW,Bad Moon Rising,Creedence Clearwater Revival,Poker Night,2025-07-11,0,141600,False,"classic rock, country rock, southern rock",2025
5I0a1ulS0ZZc0n3W0wvtOq,What I Got,Sublime,Poker Night,2025-07-11,0,170906,True,"reggae rock, ska, ska punk",2025
2U9T5quY9LdBQCSF2wMJvW,(I Can't Get No) Satisfaction - Mono,The Rolling Stones,Poker Night,2025-07-11,0,222986,False,"classic rock, rock",2025
0BQC4xWOIxeZOiVdnY3CX5,Spirit In The Sky - Deluxe Edition,Norman Greenbaum,Poker Night,2025-07-11,16,242893,False,classic rock,2025
6PVoWCReLPYYWXde1lhP2d,Give A Little Bit,Supertramp,Poker Night,2025-07-11,0,248173,False,"classic rock, progressive rock",2025
14HW4VqbEh4Cy6iN6Hu2Xv,Good Vibrations - Remastered 2001,The Beach Boys,Poker Night,2025-07-11,0,218733,False,baroque pop,2025
62WcbbmdWHUlo9bjbLUX3E,With Arms Wide Open,Creed,Poker Night,2025-07-11,2,278440,False,post-grunge,2025
4TnDg82slhe3OS528jkM5a,Superstition - Single Version,Stevie Wonder,Poker Night,2025-07-11,0,244826,False,"classic soul, motown, soul",2025
5sRNRovAffc82RiO2bEwMb,Johnny B. Goode,Chuck Berry,Poker Night,2025-07-11,1,159466,False,"rock and roll, rockabilly",2025
53599NS1UDUUEoTUA1KF3c,Southern Nights,Glen Campbell,Poker Night,2025-07-11,0,177586,False,classic country,2025
0B9RRGTj9FjeZMKwQcJuXJ,Gimme Shelter,The Rolling Stones,Poker Night,2025-07-11,0,270773,False,"classic rock, rock",2025
1ULVrw0S9kEorBLATR4dXu,White Wedding - Pt. 1 / Remastered 2002,Billy Idol,Poker Night,2025-07-11,0,252200,False,,2025
79x3XwbgYJaoAoyvat12Ka,Green River,Creedence Clearwater Revival,Poker Night,2025-07-11,0,154120,False,"classic rock, country rock, southern rock",2025
1Rs5CEVQ3V4RrVCkB8Z9Gq,Sir Duke,Stevie Wonder,Poker Night,2025-07-11,1,233266,False,"classic soul, motown, soul",2025
6cxsDGTnwiSKgbKM5GMoPr,It's Not Unusual,Tom Jones,Poker Night,2025-07-11,0,120240,False,,2025
5XqydwppJNRw7KNAl7wnPH,Margaritaville,Jimmy Buffett,Poker Night,2025-07-11,0,250933,False,,2025
1hZcFkcEIx1DSFAyeHduYG,Sympathy For The Devil - 50th Anniversary Edition / Remastered 2018,The Rolling Stones,Poker Night,2025-07-11,0,378146,False,"classic rock, rock",2025
2oenHCrzdayaWVorV6FWXp,Sunshine Of Your Love,Cream,Poker Night,2025-07-11,0,250240,False,"acid rock, blues rock, classic rock, psychedelic rock",2025
6uMYjDu5uLqUpIT0hnQN3C,Midnight Rider,Allman Brothers Band,Poker Night,2025-07-11,0,177960,False,"blues rock, classic rock, country rock, jam band, southern rock",2025
0KL3fLR6mfJx9ZbUgbgEgB,You Ain't Seen Nothing Yet,Bachman-Turner Overdrive,Poker Night,2025-07-11,0,235146,False,classic rock,2025
2PnFCNIv7yjQDvcbSNHQXt,My Sharona,The Knack,Poker Night,2025-07-11,0,292413,False,power pop,2025
16fY8kMxCJKEoy4M9vMamZ,You Never Can Tell - 1964 Single Version,Chuck Berry,Poker Night,2025-07-11,0,163066,False,"rock and roll, rockabilly",2025
6sTNry5S8xlJ0rK54sBW6E,Centerfold,The J. Geils Band,Poker Night,2025-07-11,0,216573,False,classic rock,2025
3LJeK2ERqqpvq4YukiM06t,You Can't Always Get What You Want,The Rolling Stones,Poker Night,2025-07-11,0,448720,False,"classic rock, rock",2025
3M7QRbz1QiocWcHG6WaV3Y,Closing Time,Semisonic,Poker Night,2025-07-11,0,274160,False,,2025
2RRWd0dgCf35JvnYZdsTEk,One Way Or Another,Blondie,Poker Night,2025-07-11,1,217364,False,,2025
4idcIWfm3ZkTv407fwT9UV,Magic Carpet Ride,Steppenwolf,Poker Night,2025-07-11,0,267800,False,"acid rock, classic rock",2025
0879ukv03UPSNxt4GRqTES,Dreadlock Holiday,10cc,Poker Night,2025-07-11,2,269560,False,"art rock, glam rock, yacht rock",2025
6m2mD8KwVc719cPObEsqpJ,Make Your Own Kind Of Music - Single Version,Mama Cass,Poker Night,2025-07-11,1,146573,False,,2025
6NFzoL8QW2IesALAO4W6qH,I Wish,Stevie Wonder,Poker Night,2025-07-11,0,249693,False,"classic soul, motown, soul",2025
4Iuh8O4KeWWQVddPAIyrXE,With A Little Help From My Friends,Joe Cocker,Poker Night,2025-07-11,0,313173,False,,2025
6B4G0yanU8acGUQuxicCKZ,Da Rockwilder,"Method Man, Redman",Poker Night,2025-07-11,0,136453,True,"east coast hip hop, hardcore hip hop, hip hop, old school hip hop",2025
4mlJYkQUemzrwVMoFAsCik,Takin' Care Of Business,Bachman-Turner Overdrive,Poker Night,2025-07-11,0,291733,False,classic rock,2025
43vAU6K8P1mdJeCIezjp3u,Bust A Move,Young MC,Poker Night,2025-07-11,0,263914,False,,2025
5xnqhAcCZLShZGMUWZUHau,Beautiful,"Snoop Dogg, Pharrell, Uncle Charlie Wilson",Poker Night,2025-07-11,0,299146,True,"g-funk, gangster rap, hip hop, old school hip hop, rap, west coast hip hop",2025
1v9xokmgcTBlwburMtf2m8,Up Around The Bend,Creedence Clearwater Revival,Poker Night,2025-07-11,0,161466,False,"classic rock, country rock, southern rock",2025
6NwI4WNazt5zYEd4zPBhVy,The Riddle,Nik Kershaw,Poker Night,2025-07-11,0,230946,False,,2025
5pNYRjGxghPQ9RNJUsLzPP,No Particular Place To Go,Chuck Berry,Poker Night,2025-07-11,0,163000,False,"rock and roll, rockabilly",2025
7JoyS2MPbeJiRi3c6kN3SL,Feelin' Alright,Joe Cocker,Poker Night,2025-07-11,0,248906,False,,2025
1bzvxb4mb0bKzFCOBJLZep,Stomp! - Single Version,The Brothers Johnson,Poker Night,2025-07-11,0,247213,False,"disco, funk",2025
4sKDr5Cg0SDsgeVdfVScPp,Jungle Boogie,Kool & The Gang,Poker Night,2025-07-11,0,185600,False,"disco, funk",2025
0eOIUkVQUt8DKd7wE3URJx,Hip To Be Square,Huey Lewis & The News,Poker Night,2025-07-11,0,243800,False,,2025
7geM5Wa0uBjwrvDYoUSQZp,Mama Said Knock You Out,LL COOL J,Poker Night,2025-07-11,0,288825,True,"east coast hip hop, old school hip hop",2025
3kmzYjz5pvdLl3OYAClPyc,Wild Thing,The Troggs,Poker Night,2025-07-11,1,155333,False,proto-punk,2025
32n07cAlECGBx1OtJvmmTF,Fly Me To The Moon - 2008 Remastered,"Frank Sinatra, Count Basie",Poker Night,2025-07-11,0,147520,False,"adult standards, big band, christmas, jazz, swing music, vocal jazz",2025
5KCZyWplAolhnKFWe1ZFrJ,Summertime Blues,Eddie Cochran,Poker Night,2025-07-11,0,119360,False,"doo-wop, rock and roll, rockabilly",2025
4nh9CMMCEcwPST64skhZlS,The Thrill Is Gone,"B.B. King, Tracy Chapman",Poker Night,2025-07-11,0,301133,False,"blues, blues rock, classic blues, jazz blues, soul blues",2025
0ttKEaU2agk6DI6j01Bp17,Going Up The Country,Canned Heat,Poker Night,2025-07-11,0,172866,False,"blues, blues rock",2025
1zNXF2svmdlNxfS5XeNUgr,Don't Know Why,Norah Jones,Come Away With Me (Super Deluxe Edition),2002-02-26,76,186251,False,,2002
6jGnykaS6TkWp15utXSAeI,Come Away With Me,Norah Jones,Come Away With Me (Super Deluxe Edition),2002-02-26,73,198226,False,,2002
7zkLpY72g6lKQbiHDqri1S,Sunrise,Norah Jones,Feels Like Home,2004-01-01,73,200626,False,,2004
1qzHqfvKrZWo6dVHM1dXrj,Turn Me On,Norah Jones,Come Away With Me (Super Deluxe Edition),2002-02-26,69,154800,False,,2002
2MKLbFPQ3QDXpQ0KnS06Kl,Those Sweet Words,Norah Jones,Feels Like Home,2004-01-01,65,202640,False,,2004
0AMKZWRgdFfGYYTxiWrwwH,What Am I To You?,Norah Jones,Feels Like Home,2004-01-01,64,210000,False,,2004
4ZFhVVawR0xMJ5dJFNxFRl,Carry On,Norah Jones,Day Breaks,2016-10-05,63,168106,False,,2016
3HuLpW8NmFFO5GKY8andY2,The Nearness Of You,Norah Jones,Come Away With Me (Super Deluxe Edition),2002-02-26,61,187769,False,,2002
5wfCY08QVWdUaigsFv9IkZ,Here We Go Again,"Ray Charles, Norah Jones",Genius Loves Company,2004-08-31,61,238750,False,"blues, classic soul, jazz blues, soul, soul blues, vocal jazz",2004
5iis9J2sptrUy0VIpFVIg1,Roll Me Up and Smoke Me When I Die - Live,"Willie Nelson, Jimmy Buffett, Emmylou Harris, Sheryl Crow, Eric Church, George Strait, Dave Matthews, Chris Stapleton, Derek Trucks, Kris Kristofferson, The Avett Brothers, Bobby Bare, Jack Johnson, Jamey Johnson, Lee Ann Womack, Lukas Nelson, Lyle Lovett, Margo Price, Micah Nelson, Nathaniel Rateliff, Norah Jones, The Little Willies, Ray Benson, Steve Earle, Susan Tedeschi, Vince Gill",Willie Nelson American Outlaw (Live),2020-12-11,61,134266,False,"acoustic country, alt country, americana, bluegrass, blues, blues rock, classic country, country, country rock, folk, folk rock, honky tonk, indie folk, jam band, modern blues, newgrass, outlaw country, red dirt, singer-songwriter, surf rock, traditional country",2020
4slSMptXdIoALxZEkSXwts,Summertime Blue,"Norah Jones, John Legend",Summertime Blue,2025-06-27,56,210296,False,"neo soul, soft pop",2025
40EB7ABUO6MoWMUwPKptJ7,Let It Go,James Bay,Chaos And The Calm,2015-03-23,66,260532,False,,2015
72FNf7DAlWLmuHiLTBcNHY,Hold Back The River,James Bay,Chaos And The Calm,2015-03-23,65,238746,False,,2015
16XiTUC2rQvb5lmtOm3FYY,Us,James Bay,Electric Light,2018-05-18,70,181360,False,,2018
0JlLIcpqvp8XbO03z99k4o,If You Ever Want To Be In Love,James Bay,Chaos And The Calm,2015-03-23,56,238973,False,,2015
18SpqEz3lD71A6JReAYCVF,Up All Night (with The Lumineers & Noah Kahan),"James Bay, The Lumineers, Noah Kahan",Changes All The Time (Deluxe),2024-04-18,54,203689,False,"folk pop, indie folk",2024
4RE3vueod5PL48rvHtuu9C,Peer Pressure,"James Bay, Julia Michaels",Oh My Messy Mind,2019-05-10,60,176826,False,,2019
1zJpJ3HPRtAYYNLWm5BJEf,"If I Ain’t Got You - James Bay Spotify Session 2015 ""Alicia Keys Cover""",James Bay,James Bay Spotify Session 2015,2015-08-07,60,261120,False,,2015
5qrG9Ea6hen3VavTg9vQz9,Need The Sun To Break,James Bay,Chaos And The Calm,2015-03-23,49,224813,False,,2015
359lSGQwvAM3aZA5UNwqiQ,If You Ever Wanna Be In Love - James Bay Spotify Session 2015,James Bay,James Bay Spotify Session 2015,2015-08-07,59,236786,False,,2015
7ElKhgH3NHU368wbdqVley,Waste,"Myles Smith, James Bay",A Minute...,2024-11-08,57,211400,False,,2024
2kO2tdljZLnzz1dBJHeUOW,These Days (with James Bay),"Margaret Glaspy, James Bay",These Days (with James Bay),2025-09-10,10,191934,False,,2025
62WMViXVECFOxHDE67jOI2,"Jesus, Etc. (feat. Norah Jones)","Margaret Glaspy, Norah Jones",These Days (with James Bay),2025-09-10,7,251688,False,,2025
3jQyadhLTxpxadQlkFh2b8,Heartbeats,José González,Veneer,2003,65,160240,False,indie folk,2003
0ZNYGrmcehorhh9JOeg5Iv,"Stay Alive - From ""The Secret Life of Walter Mitty"" Soundtrack",José González,Stay Alive (From The Secret Life Of Walter Mitty),2013-01-01,68,266906,False,indie folk,2013
1I6LFohPBMnEu9CXamGCwY,Line of Fire,José González,Local Valley,2021-09-17,61,188080,False,indie folk,2021
277bAXhqfHukF9Yvhk6MYr,Crosses,José González,Veneer,2003,51,162920,False,indie folk,2003
0WmYMaZFDs6qsPzpnEXRM5,Teardrop,José González,Teardrop (Bundle),2007-10-22,47,202840,False,indie folk,2007
5TORlzrrvDGBMAM10QsiSy,Step Out,José González,The Secret Life Of Walter Mitty (Music From And Inspired By The Motion Picture),2013-01-01,53,241573,False,indie folk,2013
0vPAplC4nNHPeRl5TcRL47,El Invento,José González,Local Valley,2021-09-17,52,153413,False,indie folk,2021
2MoWVpjjmT1kMUakiQ4Oeq,Down The Line,José González,In Our Nature,2007-09-24,44,190826,False,indie folk,2007
4lK8Vtfw9SOpL1WCoaccnK,Today,"Zero 7, José González",The Garden,2006-05-22,53,243946,False,"downtempo, indie folk, trip hop",2006
0c0LylmsBy925Y30IAl8RD,This Is How We Walk On The Moon,José González,This Is How We Walk On The Moon,2017-07-07,43,306078,False,indie folk,2017
6Z36DLINBxEgEHUOUGy8os,Sailor Song,Gigi Perez,sad girl autumn,2025-08-22,6,211978,False,,2025
0MPi4gXD4iOrJARKNNt81U,Those Eyes,New West,sad girl autumn,2025-08-22,2,220750,False,,2025
1WJ4zqNmTJ5eig2IIouBP5,Fade Into You,Mazzy Star,sad girl autumn,2025-08-22,12,297160,False,"dream pop, shoegaze, slowcore",2025
5lzKerInIhAlIEqZWo17ff,"1 step forward, 3 steps back",Olivia Rodrigo,sad girl autumn,2025-08-22,3,163586,True,,2025
7JwqH890tgkf8VERHTCdxD,Heather,Conan Gray,sad girl autumn,2025-08-22,2,198040,False,,2025
71fzUhfASFyhRrEwvaGnpH,Talk 2 Me,Montell Fish,sad girl autumn,2025-08-22,1,139805,False,,2025
1Z1yTGD0Vj2QYerDtIyrB7,how u make me feel,dj gummy bear,sad girl autumn,2025-08-22,14,184309,False,,2025
5YLWIJBdEtQJUXphEvqZ2Q,Survive,Lewis Capaldi,sad girl autumn,2025-08-22,17,225211,False,soft pop,2025
4b5cdPJpz1rsU3pHY64aXU,Hold On,Chord Overstreet,sad girl autumn,2025-08-22,1,198853,False,,2025
1LuQBGi7NZBrCcliVXB3ZV,Too Good At Goodbyes,Sam Smith,sad girl autumn,2025-08-22,5,201000,False,soft pop,2025
6THcACjhqLoJaNbAzGFLJt,Somebody to Someone (I Just Wanna Fall in Love),Natalie Jane,sad girl autumn,2025-08-22,1,157683,False,,2025
06Cqpwssjt5vbq7QUjlnZh,Lose You To Love Me,Selena Gomez,sad girl autumn,2025-08-22,2,206458,False,,2025
0JM0dZhTAvoCpFGCQffDVz,Feather,Sabrina Carpenter,sad girl autumn,2025-08-22,1,185552,True,,2025
2zr0auNAhv3XhmjSbWwIuI,Be Alright,Dean Lewis,sad girl autumn,2025-08-22,0,196373,True,,2025
59Lls8Z09KPZUVHlrOevjP,What A Time,"Julia Michaels, Niall Horan",sad girl autumn,2025-08-22,1,173306,False,,2025
6dZ4UOcLWVTq86JtFwMQiZ,Fable,Gigi Perez,sad girl autumn,2025-08-22,1,261005,False,,2025
1bbPnPgu1zheUJQAOYTL1b,Bruises,Lewis Capaldi,sad girl autumn,2025-08-22,1,220200,False,soft pop,2025
1dOHJcT1BxuCzohzfu7CjR,The One That Got Away,Katy Perry,sad girl autumn,2025-08-22,3,227333,False,pop,2025
1JIoJIg30uA2X8fZ6TIqpq,People You Know,Selena Gomez,sad girl autumn,2025-08-22,3,194900,False,,2025
6iJUf1mTNGtEo14XRZZkJt,the grudge,Olivia Rodrigo,sad girl autumn,2025-08-22,1,189386,True,,2025
2Smrb5SPZ1SYDCOak1kahL,Never Learned To Dance,Medium Build,sad girl autumn,2025-08-22,0,224080,True,,2025
5TD1M4lyDYI4tPCBExr0Xl,emails i can’t send,Sabrina Carpenter,sad girl autumn,2025-08-22,1,104408,True,,2025
4WwBXNwg5eeZPilo0u28K4,How Do I Say Goodbye,Dean Lewis,sad girl autumn,2025-08-22,2,163603,False,,2025
725bTgL5LwRLpFqiLXSXfh,Is It Just Me?,Emily Burns,sad girl autumn,2025-08-22,0,203731,True,,2025
741dgaZOulqurULvn8NjZv,Picture You,Chappell Roan,sad girl autumn,2025-08-22,0,187130,False,,2025
5YFPsyyczuXJ3grgdbwwg1,"Stay Alive - From ""The Secret Life of Walter Mitty"" Soundtrack",José González,sad girl autumn,2025-08-22,0,266906,False,indie folk,2025
3sUSWETQ3Ijfh3AY5Ld94t,If He Wanted To He Would,Kylie Morgan,sad girl autumn,2025-08-22,2,174173,False,country,2025
5YSYyTgvjSPjQcouTM29A7,Before You Go,Lewis Capaldi,sad girl autumn,2025-08-22,1,215106,False,soft pop,2025
7v0lBPA8UjFrIHc9L1aECw,Fever To The Form,Nick Mulvey,sad girl autumn,2025-08-22,0,252960,False,,2025
5i1OlVzH6NBOypihc6XVkr,hope ur ok,Olivia Rodrigo,sad girl autumn,2025-08-22,1,209560,False,,2025
7rJyvR2G2hcoHTJUCfoAjf,We'll Never Have Sex,Leith Ross,sad girl autumn,2025-08-22,0,99620,False,,2025
3UovuObMDughk5B9i07kf1,Out Of Love,Alessia Cara,sad girl autumn,2025-08-22,0,227693,False,,2025
303fl9HICIMk1Q854SJ8bp,Waves,Dean Lewis,sad girl autumn,2025-08-22,0,241292,False,,2025
31pygw0nnqQS4Nz72Hn2Jr,"Heaven - From ""Fifty Shades Freed"" Soundtrack",Julia Michaels,sad girl autumn,2025-08-22,0,191813,False,,2025
29BB7HIOqcbQtMtNSijJra,Skin,Sabrina Carpenter,sad girl autumn,2025-08-22,2,177500,False,,2025
1kBeidsF9MEObJiRfxRMi5,love you more than me,Montell Fish,sad girl autumn,2025-08-22,1,141081,False,,2025
6vjpAunTQ9CgH0t1RT2mDo,Flowers,Lauren Spencer Smith,sad girl autumn,2025-08-22,0,157863,True,,2025
7rmq6eGBClaqoiuXnKQijw,Can’t Catch Me Now - from The Hunger Games: The Ballad of Songbirds & Snakes,Olivia Rodrigo,sad girl autumn,2025-08-22,3,205483,False,,2025
5uXAstWnGyi2d6i9pGKeMc,The Loser,Verzache,sad girl autumn,2025-08-22,0,131586,False,,2025
0YFniGyr3OIAGMQkfD4BES,Astronomy,Conan Gray,sad girl autumn,2025-08-22,0,243907,False,,2025
5odUFyAOtEeaz1n3CXb1sK,"Fire On Fire - From ""Watership Down""",Sam Smith,sad girl autumn,2025-08-22,8,246735,False,soft pop,2025
4wnFgz8iCJ9Qft51Tfe9Ma,Wrong Direction,Hailee Steinfeld,sad girl autumn,2025-08-22,0,248986,False,,2025
4uNyW35Czj8QtazBsBmASc,Sleeping Lotus,Joep Beving,sad girl autumn,2025-08-22,0,152000,False,neoclassical,2025
0YyUOrHmWVn31K1YWwfrEW,That Part,Lauren Spencer Smith,sad girl autumn,2025-08-22,14,174050,False,,2025
4IpBPmz3BnZZu47Cs30nU2,Lose My Mind - Acoustic,Dean Lewis,sad girl autumn,2025-08-22,1,193628,False,,2025
1WBjLqnSIzaRMIJwDOTT4R,River Man,Nick Drake,sad girl autumn,2025-08-22,0,258693,False,"folk, singer-songwriter",2025
0l3udco8qIoqcwauMODKq0,Daisies,Katy Perry,sad girl autumn,2025-08-22,0,174312,False,pop,2025
5OiRvZkZoNfIQ8DwUYWYsy,don't miss me,Claire Rosinkranz,sad girl autumn,2025-08-22,0,123949,True,,2025
36feMoTl2T3FhCDOORtX08,Intrusive Thoughts,Natalie Jane,sad girl autumn,2025-08-22,0,201066,True,,2025
34SV4AI7hr2j13jUuxmdZl,Memories,Conan Gray,sad girl autumn,2025-08-22,2,248818,False,,2025
47Fj8rrDvdeDE7aEyfSlKs,Like To Be You,"Shawn Mendes, Julia Michaels",sad girl autumn,2025-08-22,0,159533,False,,2025
3eCpKfrBFWVTRCFmPCXqAh,White Blood,Oh Wonder,sad girl autumn,2025-08-22,0,257426,False,,2025
3yFhM0cFAmJqhfpRpM7ghx,Falling Asleep At The Wheel,Holly Humberstone,sad girl autumn,2025-08-22,0,203247,False,,2025
21EYCJMpfjXzJsIQUBtbwG,ghost town (voice memo),Chloe George,sad girl autumn,2025-08-22,0,137250,False,,2025
1D0Vdxg3S1EUwQ4U0pX0wz,i can't breathe,Bea Miller,sad girl autumn,2025-08-22,0,212987,False,,2025
0LxNPknU3c36IH7QZuI1EF,AVA,Natalie Jane,sad girl autumn,2025-08-22,8,159346,True,,2025
08sVysKK73FyVijWUnMFnI,Better Off,Montell Fish,sad girl autumn,2025-08-22,1,110000,False,,2025
4MmPWBUmmHIW8pu1WGjIgH,By This River - 2004 Digital Remaster,Brian Eno,sad girl autumn,2025-08-22,0,183493,False,"ambient, art rock, drone, glam rock, krautrock, minimalism, space music",2025
410KfkPV41WHxDIr9nUf0t,Starting Over,Niykee Heaton,sad girl autumn,2025-08-22,0,227097,False,,2025
2bX6jH5jR7ih82QJyy63q9,Sorry To Me Too,Julia Michaels,sad girl autumn,2025-08-22,0,209596,False,,2025
2hYuCrKQ8TM922hd8oyjFj,Your Name Hurts,Hailee Steinfeld,sad girl autumn,2025-08-22,0,222592,False,,2025
0Oc0OJz8d4pQDhZEyX5Ks8,Don't Forget About Me,CLOVES,sad girl autumn,2025-08-22,0,268973,False,,2025
5BGLTb1IuPcnNbeOMXcmDN,Collide,Odette,sad girl autumn,2025-08-22,0,223760,False,,2025
4TiVDDHVeBVmrWv4SMWd8T,M62 Song,Doves,sad girl autumn,2025-08-22,0,228186,False,"britpop, madchester",2025
50YzGTxv8LgDNwBoPqUoFb,Heaven Up There - Acoustic,Palace,sad girl autumn,2025-08-22,0,306387,False,,2025
1TZnTrlt7Rg4w0ots5ARYp,drivers license,Olivia Rodrigo,sad girl autumn,2025-08-22,5,242013,True,,2025
0Fifz2GwaOp6T3qL11eUE2,We Are Still In Love,Montell Fish,sad girl autumn,2025-08-22,0,215172,False,,2025
3bNr1RY7zNH7L4OkywTZax,Wish You The Best,Lewis Capaldi,sad girl autumn,2025-08-22,2,209939,False,soft pop,2025
1AOdtz9qEtL6fKmPPmaZis,Vienna,Gretta Ray,sad girl autumn,2025-08-22,0,163209,False,,2025
5WxT2QzVXjC90y4Iwe4muD,I'll Be Waiting,Cian Ducrot,sad girl autumn,2025-08-22,0,172546,False,,2025
09w34POvicPa3ClguIoqgY,Casual,Chappell Roan,sad girl autumn,2025-08-22,21,232796,True,,2025
5p4sCZz9a4a9HrlE0jhbhz,Fingers Crossed,Lauren Spencer Smith,sad girl autumn,2025-08-22,0,175344,False,,2025
1hcNzUbAhoq4ftVRqC72KZ,Sometimes (Backwood),Gigi Perez,sad girl autumn,2025-08-22,0,153000,True,,2025
6DAl1ArunjKtVmd2GnHyaq,The Other Side,Ruelle,sad girl autumn,2025-08-22,3,252485,False,,2025
2GYGipxb5Upi8wz7sCgcZ7,Fall in Love with You.,Montell Fish,sad girl autumn,2025-08-22,3,132000,False,,2025
3ndRZmyp099JXMtBGYkBWD,Love Me Anyway,Chappell Roan,sad girl autumn,2025-08-22,0,233325,False,,2025
5FaJ97oo8piS2c75saB9gA,Teenage Dream,Stephen Dawes,sad girl autumn,2025-08-22,0,178000,False,,2025
35b05wqVtGYGG23BviOerz,Pink Moon,Nick Drake,sad girl autumn,2025-08-22,0,124000,False,"folk, singer-songwriter",2025
5c2BdpJvBUN3Vlpcad18oG,Waiting,Alice Boman,sad girl autumn,2025-08-22,0,183320,False,,2025
71zpkFRZJnszTzxUL55YRY,Recover,Tobias Arbo,sad girl autumn,2025-08-22,0,155346,False,indie folk,2025
4bzBPrGYD3fQfAadLgIiwT,Let Her Go,Passenger,All the Little Lights,2012-02-24,63,252733,False,folk pop,2012
2Pnsm3hJtTb43aPPSPCtGU,Let Her Go - Anniversary Edition,"Passenger, Ed Sheeran",All the Little Lights (Anniversary Edition),2023-11-10,51,256986,False,"folk pop, soft pop",2023
53epMwEloRGmx4b04No9HO,Let Her Go - Acoustic,Passenger,All The Little Lights (Deluxe Version),2013-08-26,39,266626,False,folk pop,2013
3m7N7ZghXXjDCivtyymhhl,Sword from the Stone,Passenger,Songs for the Drunk and Broken Hearted,2021-01-08,57,201720,False,folk pop,2021
70HWRkitkAKfos500LBk0T,Simple Song,Passenger,The Boy Who Cried Wolf,2017-07-28,58,228480,False,folk pop,2017
2MFZj15MU7aDsLnc4uge6q,Holes - Radio Version,Passenger,All the Little Lights,2012-02-24,38,215431,False,folk pop,2012
5sHlU2ejWIzJDHgSrwSxx6,Anywhere,Passenger,Young as the Morning Old as the Sea,2016-09-23,50,216206,False,folk pop,2016
4spwKebUxRwcuRZMoZYlV1,Heart's On Fire,Passenger,Whispers,2014-06-06,32,253162,False,folk pop,2014
1wJNpWv8GbyEVAxoxlf3gT,Losing My Religion (Cover),Passenger,Sunday Night Sessions,2017-07-02,50,283734,False,folk pop,2017
0kxdUOJki4XNugCy5noCmZ,The Way That I Love You,Passenger,Songs for the Drunk and Broken Hearted,2021-01-08,48,159413,False,folk pop,2021
2gZsE4B92b7omOIADgjeht,Maureen,Passenger,One for the Road (Songs from the Unlikely Pilgrimage of Harold Fry the Musical),2025-09-10,10,228066,False,folk pop,2025
0VQXXzmEaITbt28mkjQImq,Tin of Soup for One,Passenger,One for the Road (Songs from the Unlikely Pilgrimage of Harold Fry the Musical),2025-09-10,9,220440,False,folk pop,2025
5uQSOeQk6z8DkXN66OReXa,Song for the Countryside,"Passenger, Jack Wolfe",One for the Road (Songs from the Unlikely Pilgrimage of Harold Fry the Musical),2025-09-10,8,152986,False,"folk pop, musicals",2025
7fYVFa7XHDlo2iuYFbkPNp,One Foot in Front of the Other,Passenger,One for the Road (Songs from the Unlikely Pilgrimage of Harold Fry the Musical),2025-09-10,8,245000,False,folk pop,2025
6vcaLlHB5fkgHEEsgBGw79,The Road Is Long,Passenger,One for the Road (Songs from the Unlikely Pilgrimage of Harold Fry the Musical),2025-09-10,8,249506,False,folk pop,2025
47WDPiaHF0GWdjcYkpIJ2d,Keep on Walking Mr Fry,Passenger,One for the Road (Songs from the Unlikely Pilgrimage of Harold Fry the Musical),2025-09-10,7,226746,False,folk pop,2025
5xJXtbOz1bHk23HQuOXRO2,The Words to Say,Passenger,One for the Road (Songs from the Unlikely Pilgrimage of Harold Fry the Musical),2025-09-10,7,257000,False,folk pop,2025
5W8mHSxockkMxCnqetLdMr,Walk Upon the Water,"Passenger, The Kingdom Choir",One for the Road (Songs from the Unlikely Pilgrimage of Harold Fry the Musical),2025-09-10,6,271253,False,"christmas, folk pop",2025
0DC3HIKyz9zLGJcgFQ4veE,The Letter,Passenger,One for the Road (Songs from the Unlikely Pilgrimage of Harold Fry the Musical),2025-09-10,6,319626,False,folk pop,2025
3k6jzojJXnqwNLAarPnM0s,One for the Road,Passenger,One for the Road (Songs from the Unlikely Pilgrimage of Harold Fry the Musical),2025-09-10,6,234013,False,folk pop,2025
6b37xrsNCWYIUphFBazqD6,Me Gustas Tu,Manu Chao,Próxima Estación: Esperanza,2001-06-01,80,239986,False,latin alternative,2001
1HOkC1UCYVIWfnu6KD9Hca,A me mi piace,"Alfa, Manu Chao",A me mi piace,2025-05-09,71,140669,False,latin alternative,2025
4w6Wpq1KWk485krowaqUIV,Viajando Por El Mundo,"KAROL G, Manu Chao",Tropicoqueta,2025-06-20,77,268075,False,"latin, latin alternative, reggaeton, urbano latino",2025
00SmB7n85SKROGjybsyq5i,Bongo Bong,Manu Chao,Clandestino,1998-10-06,71,158426,False,latin alternative,1998
51R2M1JgyFfRS3e6v5wCt3,Clandestino,Manu Chao,Clandestino,1998-10-06,66,149173,False,latin alternative,1998
7Deb4scGmEv4fY2CZcVnSb,Je ne t'aime plus,Manu Chao,Clandestino,1998-10-06,64,122760,False,latin alternative,1998
5Hc7O2dX51NI4YcHPuoOpw,Desaparecido,Manu Chao,Clandestino,1998-10-06,63,227160,False,latin alternative,1998
7GD3ZLBY6DCVavC21MYAqF,Tu Te Vas,"Manu Chao, Laeti",Viva Tu,2024-09-20,58,205839,False,"french rap, latin alternative, pop urbaine",2024
1H0i9N9bFrYfNThZkjCaLe,Me Gustas Tu - Sped Up Version,"Manu Chao, spedup trends",Me Gustas Tu EP,2023-02-13,60,221185,False,latin alternative,2023
59hH7GJFrSd5v9FwgSZEw8,Mentira,Manu Chao,Clandestino,1998-10-06,59,277013,False,latin alternative,1998
2ivcFIn2V5kUHpZpS53z0A,A me mi piace,"Alfa, Manu Chao",A me mi piace (Planet Funk Remix),2025-07-18,25,140669,False,latin alternative,2025
5SNX65Qj7P9z5oy3b4LZVZ,A me mi piace - Planet Funk Remix,"Alfa, Planet Funk, Manu Chao",A me mi piace (Planet Funk Remix),2025-07-18,36,185396,False,latin alternative,2025
2b4fX8Vl1i5tedaBYkiP6W,Es Por Ti,Juanes,Un Día Normal,2002-01-01,47,250693,False,"colombian pop, latin pop, rock en español",2002
1mlGScrDQqHqmhdIqE8MmA,Besos En Guerra,"Morat, Juanes",Balas Perdidas,2018-10-25,76,231532,False,"colombian pop, latin pop, rock en español",2018
4v69JByq63AuhIa5ooNv7D,1-800-273-8255,"Logic, Juanes, Alessia Cara, Khalid",Best Of 2017 Pop,2017-12-15,45,253840,True,"colombian pop, latin pop, rock en español",2017
2ZmCYW6bxYtvkthFexIFXL,La Camisa Negra,Juanes,Mi Sangre,2004-01-01,58,216706,False,"colombian pop, latin pop, rock en español",2004
2TFgo98tlwViHIkTalkFvy,A Dios Le Pido,Juanes,Un Día Normal,2002-01-01,46,205373,False,"colombian pop, latin pop, rock en español",2002
1mdpBBXQ9hnqofSdmxaL83,Nada Valgo Sin Tu Amor,Juanes,Mi Sangre,2004-01-01,36,196360,False,"colombian pop, latin pop, rock en español",2004
4nEf53WTmwGn0ABmmGzLkm,Fotografía,"Juanes, Nelly Furtado",Un Día Normal,2002-01-01,42,238133,False,"colombian pop, latin pop, rock en español",2002
0YBS01GBwIR9SrNeyuwRzS,Volverte A Ver,Juanes,Mi Sangre,2004-01-01,40,217560,False,"colombian pop, latin pop, rock en español",2004
4Q1oBLFPK9R4eUHkNlihlF,506,"Morat, Juanes",SI AYER FUERA HOY,2022-11-04,66,180552,False,"colombian pop, latin pop, rock en español",2022
4gwOwlEQWw31iAXVPodzYV,Me Enamora,Juanes,La Vida... Es Un Ratico,2007-01-01,28,192613,False,"colombian pop, latin pop, rock en español",2007
6WaUpoZCmtfX9bnhhdFl1m,Cuando Estamos Tú Y Yo,Juanes,Cuando Estamos Tú Y Yo,2025-08-01,60,159342,False,"colombian pop, latin pop, rock en español",2025
6v3KW9xbzN5yKLt9YKDYA2,Señorita,"Shawn Mendes, Camila Cabello",Shawn Mendes (Deluxe),2019-06-19,80,190799,False,,2019
2ogKhhoMClkFXek7ZgxAhN,Shameless,Camila Cabello,Romance,2019-12-06,81,219742,False,,2019
1rfofaqEpACxVEHIZBJe6W,Havana (feat. Young Thug),"Camila Cabello, Young Thug",Camila,2018-01-12,81,217306,False,"melodic rap, rap, trap",2018
4eWQlBRaTjPPUlzacqEeoQ,Never Be the Same,Camila Cabello,Camila,2018-01-12,78,226973,False,,2018
3lDSWvR0FXWGXo7mhDUs3v,Bam Bam (feat. Ed Sheeran),"Camila Cabello, Ed Sheeran",Familia,2022-04-08,60,206070,False,soft pop,2022
0scd3nh27AYTNXo0KHRmsG,Move (feat. Camila Cabello & Malachiii),"Adam Port, Stryv, Camila Cabello, Malachiii, Keinemusik, Orso",Move (feat. Camila Cabello & Malachiii),2024-10-11,76,180236,False,"afro house, house, melodic house",2024
2GyA33q5rti5IxkMQemRDH,I Know What You Did Last Summer,"Shawn Mendes, Camila Cabello",Handwritten,2015-04-14,74,223853,False,,2015
4vUmTMuQqjdnvlZmAH61Qk,South of the Border (feat. Camila Cabello & Cardi B),"Ed Sheeran, Camila Cabello, Cardi B",No.6 Collaborations Project,2019-07-12,74,204466,False,soft pop,2019
3yOlyBJuViE2YSGn3nVE1K,My Oh My (feat. DaBaby),"Camila Cabello, DaBaby",Romance,2019-12-06,73,170746,False,,2019
4VUwkH455At9kENOfzTqmF,Beautiful (feat. Camila Cabello),"Bazzi, Camila Cabello",Beautiful (feat. Camila Cabello),2018-08-02,71,180000,False,,2018
0Tmd82OoLzdagIOVHVeJpf,Dona Do Mundo,Budah,Top Artistas do Festival 2025,2025-09-05,2,200083,False,brazilian hip hop,2025
1J0fvUvJ0I4VLwFbYwdvB5,Pessoa Errada,DUDA BEAT,Top Artistas do Festival 2025,2025-09-05,0,209609,False,"brazilian pop, mpb, nova mpb",2025
5pUCIILUZOqZ4F22UbFcwp,Castanho Escuro,Xamuel,Top Artistas do Festival 2025,2025-09-05,0,165714,False,,2025
6IVElC5jiXhkdhvUyEfXMg,Price Tag - Acoustic Version,Jessie J,Top Artistas do Festival 2025,2025-09-05,0,198653,False,,2025
4CFK4Op8BdHpK6CyMSBaKD,WELLLL,Jacob Collier,Top Artistas do Festival 2025,2025-09-05,0,158266,False,,2025
5LSRhbKMCAPWaGrvK6Cv0p,Um Minuto Para O Fim Do Mundo,CPM 22,Top Artistas do Festival 2025,2025-09-05,0,198000,False,"brazilian pop, brazilian rock",2025
4AVhpnuauFkIwqsexPuBNc,812,Budah,Top Artistas do Festival 2025,2025-09-05,0,198125,False,brazilian hip hop,2025
0XTTtx18JFKXrcPt3afL30,Daisies,Katy Perry,Top Artistas do Festival 2025,2025-09-05,0,174312,False,pop,2025
2Hf961PL82VT0AwuQgziCk,Linha De Frente,Budah,Top Artistas do Festival 2025,2025-09-05,1,188041,False,brazilian hip hop,2025
7ChXnra5FP2WB32l2sZ3pb,Who You Are,Jessie J,Top Artistas do Festival 2025,2025-09-05,0,230960,False,,2025
22qH5S5R7CeoEppTaOIhGe,Cansei De Ser Só Minha,Budah,Top Artistas do Festival 2025,2025-09-05,0,205875,False,brazilian hip hop,2025
4KxGvhOmaJClLtZg4nbEyi,SAUDADE DE VOCÊ,DUDA BEAT,Top Artistas do Festival 2025,2025-09-05,0,236212,False,"brazilian pop, mpb, nova mpb",2025
1feG1vV0LGm1Y5zdTl0tTt,Dias Atrás,CPM 22,Top Artistas do Festival 2025,2025-09-05,0,248373,False,"brazilian pop, brazilian rock",2025
55WKnw2SHUjRjXxg9NLl87,Primavera (Vai Chuva),Criolo,Top Artistas do Festival 2025,2025-09-05,4,244533,False,"brazilian hip hop, mpb, nova mpb, samba",2025
7HTSnaRu6BpD7YC8ZZtzOh,cosmo&wanda freestyle,Xamuel,Top Artistas do Festival 2025,2025-09-05,0,137142,False,,2025
5PI2mkdZTxMhwIXKbMXD8o,She Put Sunshine,Jacob Collier,Top Artistas do Festival 2025,2025-09-05,0,210026,False,,2025
6Zf4UsM3GL9tsJtAQbBDLo,Twentysomethings,Camila Cabello,Top Artistas do Festival 2025,2025-09-05,0,162106,True,,2025
6QuK7GHWAkbZqGlBLU2QSB,Azul,J Balvin,Top Artistas do Festival 2025,2025-09-05,0,206373,False,"latin, reggaeton",2025
3lfxyU2PKYyiXJk36dtUhd,Não Sei Viver Sem Ter Você,CPM 22,Top Artistas do Festival 2025,2025-09-05,0,226693,False,"brazilian pop, brazilian rock",2025
64z5KlHsXrFIBeZmT6V5U1,Mamma Knows Best,Jessie J,Top Artistas do Festival 2025,2025-09-05,0,195173,False,,2025
3EJOl6Hzyza4utjaM7mja3,Flagra,Criolo,Top Artistas do Festival 2025,2025-09-05,0,196946,False,"brazilian hip hop, mpb, nova mpb, samba",2025
7E29vdlxrHigAz23KcrtOb,Hot N Cold,Katy Perry,Top Artistas do Festival 2025,2025-09-05,0,220226,False,pop,2025
1yiq8VcQwAmdegoTGNim1R,“movimento certo”,Xamuel,Top Artistas do Festival 2025,2025-09-05,0,116572,False,,2025
6bdSbkGDlZyeRGeySkhjmU,June Gloom,Camila Cabello,Top Artistas do Festival 2025,2025-09-05,0,180013,True,,2025
70duOUnEMAZXsWpmhZQh3L,Tarde De Outubro,CPM 22,Top Artistas do Festival 2025,2025-09-05,0,139400,False,"brazilian pop, brazilian rock",2025
2UDBvHsJz0TLknaC5hVmfX,q prazer,DUDA BEAT,Top Artistas do Festival 2025,2025-09-05,0,213532,False,"brazilian pop, mpb, nova mpb",2025
3LESdwRNZAmRSAR38f2g1H,GODSPEED,Camila Cabello,Top Artistas do Festival 2025,2025-09-05,0,216471,False,,2025
6yjOnWjzPuLFcmWOIBuPSQ,The Sun Is In Your Eyes - Voice Memo,Jacob Collier,Top Artistas do Festival 2025,2025-09-05,0,111875,False,,2025
1dqLRHJh8TGXtNNiTMmMNu,Ginza,J Balvin,Top Artistas do Festival 2025,2025-09-05,0,171093,False,"latin, reggaeton",2025
5C3SrHSayVK7jnEFGpBPl9,NA TUA CABEÇA,DUDA BEAT,Top Artistas do Festival 2025,2025-09-05,0,220381,False,"brazilian pop, mpb, nova mpb",2025
4xP0oTqHDfKPDaLUtuK3kA,Teenage Dream,Katy Perry,Top Artistas do Festival 2025,2025-09-05,0,227920,False,pop,2025
6Bwt9Jl1xHNPh4N1O7MV9e,Domino,Jessie J,Top Artistas do Festival 2025,2025-09-05,0,231093,False,,2025
1BA3vEJ74ksUZ6NUy0M7gn,Sigo Extrañándote,J Balvin,Top Artistas do Festival 2025,2025-09-05,0,201280,False,"latin, reggaeton",2025
5ejrYNSZiR7ytBorKIDjjW,DREAM-GIRLS,Camila Cabello,Top Artistas do Festival 2025,2025-09-05,0,171680,True,,2025
0FMIBbuOtecXd1t1smP2RL,LIFETIMES,Katy Perry,Top Artistas do Festival 2025,2025-09-05,0,192000,False,pop,2025
2C48llzEuTBiFcNUB3DUjM,Rojo,J Balvin,Top Artistas do Festival 2025,2025-09-05,0,151146,False,"latin, reggaeton",2025
4aMT5LHe8A2uIc11H8Cx2m,Conga,"Gloria Estefan, Miami Sound Machine",Exitos de gloria estefan,1990,57,255106,False,,1990
0tzixmHNQfE6S6SirSToxW,El Ultimo Adiós - Varios Artistas Version,"Ricky Martin, Alejandro Sanz, Thalia, Juan Luis Guerra 4.40, Gloria Estefan, Celia Cruz, Olga Tañón, Ricardo Montaner, Ana Gabriel, Jorge Hernández, Los Tigres Del Norte, Alicia Villarreal, Alejandro Fernández, Carlos Vives, Jaci Velasquez, Marco Antonio Solís, José José, Lucía Méndez, Jennifer Lopez, Emmanuel, Chayanne, Gilberto Santa Rosa, Paulina Rubio, Beto Zapata, La Ley, Ana Bárbara, Carlos Ponce, Jon Secada, Shakira, Gian Marco, Luis Fonsi, Yuri, Miguel Bosé, Wilkins, Gisselle, Melina Leon, Limi-T 21, Christina Aguilera, José Feliciano, José Luis Rodríguez",El Ultimo Adiós,2001-11-21,71,237466,False,"bacardi, bachata, banda, bolero, ccm, cha cha cha, christian, christian pop, christmas, colombian pop, corrido, cumbia norteña, grupera, latin, latin alternative, latin dance, latin pop, latin rock, mambo, mariachi, merengue, música mexicana, norteño, ranchera, rock en español, salsa, son cubano, tejano, trova, vallenato, villancicos",2001
2rC1TQ26lYD1PouF63cePN,Hoy - Spanish Version,Gloria Estefan,Hoy,2003-09-01,55,208933,False,,2003
4KCfQ8iigqf2Zvwy6QPUSn,Con los Años Que Me Quedan,Gloria Estefan,Mi Tierra,1993-06-14,27,276933,False,,1993
7JUcTavASbRqsjc6cDCSOw,Mi Tierra,Gloria Estefan,Mi Tierra,1993-06-14,31,278666,False,,1993
0dMq39FmD9YLiGwpqO3fHf,Wepa,Gloria Estefan,Miss Little Havana,2011-10-18,47,242000,False,,2011
5NFbzd8K2VHwrydjKVetIv,Don't Wanna Lose You,Gloria Estefan,Cuts Both Ways,1989-07-06,54,250066,False,,1989
6gBcyxdwgcnA8UQnB9vwRc,Rhythm Is Gonna Get You,Gloria Estefan,Anything For You,1987-06-09,46,236733,False,,1987
7deJdnhCWumMOBJtXeIVyN,Como Me Duele Perderte,Gloria Estefan,Alma Caribeña,2000-04-10,54,267973,False,,2000
07TaUxan2koUnBPPzrtU04,Dr. Beat,Gloria Estefan,Exitos de gloria estefan,1990,37,262093,False,,1990
0tT1YohyRGJP872YaV7k42,La Vecina (No Sé Na') (feat. FARIANA) - FARIANA Remix,"Gloria Estefan, FARIANA",La Vecina (No Sé Na') (feat. FARIANA) [FARIANA Remix],2025-07-11,31,194285,False,"dembow, urbano latino",2025
6fbXUe5U907TzwyLeUw4NA,Vasos Vacios,"Celia Cruz, Los Fabulosos Cadillacs",Duets,1997-01-01,42,278253,False,"argentine rock, bolero, cha cha cha, latin, latin alternative, latin dance, latin rock, mambo, merengue, mexican ska, murga, rock en español, salsa, ska, son cubano",1997
7rWOuBzhjHdiR7RPz9YH7L,La Vida Es Un Carnaval,Celia Cruz,Mi Vida Es Cantar,1998-01-01,63,275000,False,"bolero, cha cha cha, latin, latin dance, mambo, merengue, salsa, son cubano",1998
6ydEhrdfzhI29D2NBAqUY1,Quimbara,"Johnny Pacheco, Celia Cruz",Celia & Johnny,1974-01-01,64,291946,False,"bolero, cha cha cha, latin, latin dance, latin jazz, mambo, merengue, salsa, son cubano",1974
7nflSbrgBCitUnW4psdR7a,La Negra Tiene Tumbao,Celia Cruz,La Negra Tiene Tumbao,2001-08-17,57,253346,False,"bolero, cha cha cha, latin, latin dance, mambo, merengue, salsa, son cubano",2001
3a5UozLKx9KIg5XeinOiYr,Oye Cómo Va,"Celia Cruz, Tito Puente",Celia Cruz Centennial,2025-02-16,36,272251,False,"bolero, cha cha cha, latin, latin dance, latin jazz, mambo, merengue, salsa, son cubano",2025
63knvuoSPpfzIwdDuWRSoV,Rie y Llora,Celia Cruz,Regalo Del Alma,2000,56,250373,False,"bolero, cha cha cha, latin, latin dance, mambo, merengue, salsa, son cubano",2000
48Gf2B6wbTpnQB0m3GCmRi,Te Busco,Celia Cruz,Azúcar Negra,1993,48,249053,False,"bolero, cha cha cha, latin, latin dance, mambo, merengue, salsa, son cubano",1993
3FNjqlfbQ153UsLKhDIxHo,Usted Abusó,"Celia Cruz, Willie Colón",The 'Brillante' Best,1978-01-01,52,259000,False,"bolero, cha cha cha, latin, latin dance, mambo, merengue, salsa, son cubano",1978
2btnzgT8ARxKjcdOTdqj37,Yo Viviré - I Will Survive,Celia Cruz,Regalo Del Alma,2000,47,271440,False,"bolero, cha cha cha, latin, latin dance, mambo, merengue, salsa, son cubano",2000
52AK7KcYhRQojY82rcdELg,Quimbara - Remasterizado 2025/Live,Celia Cruz,Éxitos Eternos: Centennial Edition (Remasterizado 2025),2025-08-22,20,362800,False,"bolero, cha cha cha, latin, latin dance, mambo, merengue, salsa, son cubano",2025
5MB2iMFaq9wEpoIy3bRLU8,La Guagua - Remasterizado 2025,Celia Cruz,Éxitos Eternos: Centennial Edition (Remasterizado 2025),2025-08-22,14,338106,False,"bolero, cha cha cha, latin, latin dance, mambo, merengue, salsa, son cubano",2025
71cxlkNmkF8YOTAL1rfQ9h,Que Le Den Candela - Remasterizado 2025,Celia Cruz,Éxitos Eternos: Centennial Edition (Remasterizado 2025),2025-08-22,14,232400,False,"bolero, cha cha cha, latin, latin dance, mambo, merengue, salsa, son cubano",2025
7tCqlJpuFm44TrIC6MKwW5,Guantanamera - Remasterizado 2025/Live,"Celia Cruz, LA INDIA",Éxitos Eternos: Centennial Edition (Remasterizado 2025),2025-08-22,15,376920,False,"bolero, cha cha cha, latin, latin dance, mambo, merengue, salsa, son cubano",2025
2f2EfwqIQde5In4bF5W4fU,Mi Vida Es Cantar - Remasterizado 2025,Celia Cruz,Éxitos Eternos: Centennial Edition (Remasterizado 2025),2025-08-22,13,237760,False,"bolero, cha cha cha, latin, latin dance, mambo, merengue, salsa, son cubano",2025
3sKFb7PXI4ZF9SQGJ1x2gO,Cúcala - Remasterizado 2025/Live,Celia Cruz,Éxitos Eternos: Centennial Edition (Remasterizado 2025),2025-08-22,12,306000,False,"bolero, cha cha cha, latin, latin dance, mambo, merengue, salsa, son cubano",2025
0STCrEfPPy7Tk6NW2wqjwK,La Vida Es Un Carnaval - Remasterizado 2025,Celia Cruz,Éxitos Eternos: Centennial Edition (Remasterizado 2025),2025-08-22,19,277000,False,"bolero, cha cha cha, latin, latin dance, mambo, merengue, salsa, son cubano",2025
2SmQCSzYT6xraIlUeV2ZA0,Cuestión De Época - Remasterizado 2025,"Celia Cruz, Jose Alberto",Éxitos Eternos: Centennial Edition (Remasterizado 2025),2025-08-22,11,265226,False,"bolero, cha cha cha, latin, latin dance, mambo, merengue, salsa, son cubano",2025
1kFF3f7DAgKI9QWBcu7nUq,Usted Abusó - Remasterizado 2025/Live,Celia Cruz,Éxitos Eternos: Centennial Edition (Remasterizado 2025),2025-08-22,11,309626,False,"bolero, cha cha cha, latin, latin dance, mambo, merengue, salsa, son cubano",2025
6MJlXVgcz5KwOEbBMIjvF0,El Son De Celia Y Oscar - Remasterizado 2025,"Celia Cruz, Oscar D'León",Éxitos Eternos: Centennial Edition (Remasterizado 2025),2025-08-22,10,413973,False,"bolero, cha cha cha, latin, latin dance, mambo, merengue, salsa, son cubano",2025
62XIgQsLU4cElrVSP0tagz,Bembelequa - Remasterizado 2025,Celia Cruz,Éxitos Eternos: Centennial Edition (Remasterizado 2025),2025-08-22,10,293386,False,"bolero, cha cha cha, latin, latin dance, mambo, merengue, salsa, son cubano",2025
7BT2zNN6d4XTxTE5X7O54n,Sazón - Remasterizado 2025,Celia Cruz,Éxitos Eternos: Centennial Edition (Remasterizado 2025),2025-08-22,10,289160,False,"bolero, cha cha cha, latin, latin dance, mambo, merengue, salsa, son cubano",2025
2jXxQqr0iGADAHksDaqZbN,Azúcar Negra - Remasterizado 2025,Celia Cruz,Éxitos Eternos: Centennial Edition (Remasterizado 2025),2025-08-22,16,187560,False,"bolero, cha cha cha, latin, latin dance, mambo, merengue, salsa, son cubano",2025
2BzcrmHAUWPjWoxYwvj1Pu,"Ob-La-Di, Ob-La-Da - Remasterizado 2025",Celia Cruz,Éxitos Eternos: Centennial Edition (Remasterizado 2025),2025-08-22,16,284506,False,"bolero, cha cha cha, latin, latin dance, mambo, merengue, salsa, son cubano",2025
573qaULXN9hwcgIrEjRZ1D,Pasaporte Latino Americano - Remasterizado 2025,Celia Cruz,Éxitos Eternos: Centennial Edition (Remasterizado 2025),2025-08-22,9,305000,False,"bolero, cha cha cha, latin, latin dance, mambo, merengue, salsa, son cubano",2025
2DkdaY1KzN1L1kfiXHn0k9,Soy Loco Por Ti América - Remasterizado 2025,"Celia Cruz, Caetano Veloso",Éxitos Eternos: Centennial Edition (Remasterizado 2025),2025-08-22,8,273280,False,"bolero, bossa nova, cha cha cha, latin, latin dance, mambo, merengue, mpb, salsa, samba, son cubano",2025
6DioZ6CzP1A9hBj2yV3dCC,Vasos Vacíos - Remasterizado 2025,"Celia Cruz, Los Fabulosos Cadillacs",Éxitos Eternos: Centennial Edition (Remasterizado 2025),2025-08-22,12,278253,False,"argentine rock, bolero, cha cha cha, latin, latin alternative, latin dance, latin rock, mambo, merengue, mexican ska, murga, rock en español, salsa, ska, son cubano",2025
